Season,asyn,arfp,aprym,aaflag,aadino,acryp,aprasy,aphaeo,apen,acen,ahdino,ahflag,achoano,ahcryp,ahcil,aacil
Spring,4.85496353465347,4.09452977475248,6.25407580940594,1.80379580940594,11.9493633440594,3.76163908415842,0.816599425742574,1.06133637376238,49.8337671188119,96.4611232648515,14.7112543514851,3.72190287623762,0.908943242574257,0.187593754950495,8.99928009653465,2.53174752227723
Summer,11.2205167677262,4.91378831051345,5.47423508557457,0.866906916870416,39.7638104792176,4.46270952322738,0.592343665036675,2.03477235696822,123.321493056235,97.6506071271394,18.6245746136919,5.50913165525672,0.846134525672372,0.399407007334963,12.4366373202934,3.38168250366748
Fall,8.37729807122507,4.28032766951567,2.8536591025641,0.70660133048433,119.829183495726,3.58289589173789,0.355818626780627,1.38108801994302,13.2565240740741,15.1623645840456,12.4288744985755,2.524143002849,0.357194977207977,0.393236623931624,3.94783106837607,2.05255565811966
Winter,5.28762101694915,5.15711866779661,3.9797949220339,0.283785247457627,23.6593210813559,4.41628322033898,0.452393813559322,0.125336752542373,7.67502059661017,15.9151562813559,5.11396140338983,2.45035436271186,0.300054511864407,0.25022566779661,5.57763736271186,1.7376442
