d_year,x
2006,44
2013,27.6666666666667
2014,30.6
2015,57.6666666666667
2016,30
